 ,HIS,ARG,LYS,GLN,GLU,ASP,ASN,GLY,ALA,SER,THR,PRO,CYS,VAL,ILE,MET,LEU,PHE,TYR,TRP
HIS,0,1|2|3,1|3,3,1|3,1,1,1|2|3,1|2|3,1|2|3,1|2|3,2|3,1|2,1|2|3,1|2|3,1|2|3,1|2|3,1|2,1,1|2|3
ARG,1|2|3,0,1|2|3,1|2|3,1|2|3,1|2|3,1|2|3,1|3,1|2|3,1|2|3,1|2|3,1|2|3,1|3,1|2|3,1|2|3,1|2|3,1|2|3,1|2|3,1|2|3,1|3
LYS,1|3,1|2|3,0,1,1,1|3,3,1|2|3,1|2|3,1|2|3,2|3,1|2|3,1|2|3,1|2|3,2|3,2|3,1|2|3,1|2|3,1|3,1|2|3
GLN,3,1|2|3,1,0,1,1|3,1|3,1|2|3,1|2|3,1|2|3,1|2|3,2|3,1|2|3,1|2|3,1|2|3,1|2|3,1|2|3,1|2|3,1|3,1|2|3
GLU,1|3,1|2|3,1,1,0,3,1|3,2|3,2|3,1|2|3,1|2|3,1|2|3,1|2|3,2|3,1|2|3,1|2|3,1|2|3,1|2|3,1|3,1|2|3
ASP,1,1|2|3,1|3,1|3,3,0,1,2|3,2|3,1|2|3,1|2|3,1|2|3,1|2,2|3,1|2|3,1|2|3,1|2|3,1|2,1,1|2|3
ASN,1,1|2|3,3,1|3,1|3,1,0,1|2|3,1|2|3,1|2|3,2|3,1|2|3,1|2,1|2|3,2|3,2|3,1|2|3,1|2,1,1|2|3
GLY,1|2|3,1|3,1|2|3,1|2|3,2|3,2|3,1|2|3,0,2,1|2|3,1|2,1|2,1|3,2,1|2|3,1|2|3,1|2|3,1|2|3,1|2|3,1|3
ALA,1|2|3,1|2|3,1|2|3,1|2|3,2|3,2|3,1|2|3,2,0,1|2|3,1,1,1|2|3,2,1|2|3,1|2|3,1|2|3,1|2|3,1|2|3,1|2|3
SER,1|2|3,1|2|3,1|2|3,1|2|3,1|2|3,1|2|3,1|2|3,1|2|3,1|2|3,0,1|2|3,1|2|3,1|2|3,1|2|3,1|2|3,1|2|3,1|2|3,1|2|3,1|2|3,1|2|3
THR,1|2|3,1|2|3,2|3,1|2|3,1|2|3,1|2|3,2|3,1|2,1,1|2|3,0,1,1|2|3,1|2,2|3,2|3,1|2|3,1|2|3,1|2|3,1|2|3
PRO,2|3,1|2|3,1|2|3,2|3,1|2|3,1|2|3,1|2|3,1|2,1,1|2|3,1,0,1|2|3,1|2,1|2|3,1|2|3,1|2|3,1|2|3,1|2|3,1|2|3
CYS,1|2,1|3,1|2|3,1|2|3,1|2|3,1|2,1|2,1|3,1|2|3,1|2|3,1|2|3,1|2|3,0,1|2|3,1|2|3,1|2|3,1|2|3,2,2,3
VAL,1|2|3,1|2|3,1|2|3,1|2|3,2|3,2|3,1|2|3,2,2,1|2|3,1|2,1|2,1|2|3,0,1|3,1|3,1|3,1|3,1|2|3,1|2|3
ILE,1|2|3,1|2|3,2|3,1|2|3,1|2|3,1|2|3,2|3,1|2|3,1|2|3,1|2|3,2|3,1|2|3,1|2|3,1|3,0,3,1|3,1|3,1|2|3,1|2|3
MET,1|2|3,1|2|3,2|3,1|2|3,1|2|3,1|2|3,2|3,1|2|3,1|2|3,1|2|3,2|3,1|2|3,1|2|3,1|3,3,0,1|3,1|3,1|2|3,1|2
LEU,1|2|3,1|2|3,1|2|3,1|2|3,1|2|3,1|2|3,1|2|3,1|2|3,1|2|3,1|2|3,1|2|3,1|2|3,1|2|3,1|3,1|3,1|3,0,1|3,1|2|3,1|2|3
PHE,1|2,1|2|3,1|2|3,1|2|3,1|2|3,1|2,1|2,1|2|3,1|2|3,1|2|3,1|2|3,1|2|3,2,1|3,1|3,1|3,1|3,0,2,2|3
TYR,1,1|2|3,1|3,1|3,1|3,1,1,1|2|3,1|2|3,1|2|3,1|2|3,1|2|3,2,1|2|3,1|2|3,1|2|3,1|2|3,2,0,2|3
TRP,1|2|3,1|3,1|2|3,1|2|3,1|2|3,1|2|3,1|2|3,1|3,1|2|3,1|2|3,1|2|3,1|2|3,3,1|2|3,1|2|3,1|2,1|2|3,2|3,2|3,0
