Epoch, HIS,ARG,LYS,GLN,GLU,ASP,ASN,GLY,ALA,SER,THR,PRO,CYS,VAL,ILE,MET,LEU,PHE,TYR,TRP
1,nan,nan,0.09351637417871786,nan,nan,nan,nan,0.5895581072679889,0.14209807646639752,0.08121187572364454,nan,0.45450078817532297,nan,0.18164105548061749,0.1349206349206349,nan,nan,nan,nan,nan
2,nan,nan,0.10064073341994166,nan,0.2,0.3896821489140544,0.0,0.6077220580400093,0.22604780085279016,0.11668268661039936,0.3269230769230769,0.4643840700013672,nan,0.21470354547862233,0.1781396955285741,nan,0.23025092936802974,0.11620733102579328,nan,nan
3,nan,nan,0.1039282897280104,nan,0.4666666666666667,0.3949585556943341,0.15966386554621848,0.61742671828649,0.23259926609650783,0.12713481295114865,0.4769433465085639,0.4604626596467964,nan,0.2328123292163078,0.18224238496435516,nan,0.27448877768345176,0.12183811435320373,nan,nan
4,nan,nan,0.09969816716972138,nan,0.4603174603174603,0.3806309070823616,0.2857142857142857,0.584157885719181,0.2716764214046823,0.1323657138445504,0.4546065904505716,0.4806378794754541,1.0,0.24730991867608934,0.21255508372726545,nan,0.27254926532786117,0.1257771401243424,nan,nan
5,nan,nan,0.10272031092326758,nan,0.4,0.39973033537164343,0.37823834196891193,0.6146064559214696,0.27224193945508374,0.1314556498948515,0.4472245584524811,0.4944174096307084,1.0,0.24304780487804878,0.1980132985167039,nan,0.2951712123686646,0.1304622246533841,0.0,nan
6,nan,nan,0.1057785698793931,nan,0.34294871794871795,0.4186258573524164,0.3869565217391304,0.5928590798156016,0.2605464834931209,0.1377884398302373,0.4903697144122205,0.48765893387051357,0.6218487394957983,0.24449439432350414,0.2106145754088035,0.0,0.296335198686603,0.12442193349482493,nan,nan
7,nan,nan,0.10784335432223434,nan,0.3942908117752007,0.42484913879231107,0.39880952380952384,0.6039213657909418,0.2602279890733347,0.13747807723970076,0.4474297251125951,0.476780298878293,0.6597701149425287,0.23132580248039394,0.2098663485946723,0.0,0.3081565002217709,0.1281928374374691,nan,nan
8,nan,nan,0.10569084347719285,nan,0.4098124098124098,0.39997899033555434,0.3781882145998241,0.5947070896194145,0.27111852315104346,0.14039657009948267,0.4731124388919066,0.501028958648369,0.6139705882352942,0.24219380386360093,0.2226080629692099,0.0,0.29451501413887515,0.12768006721621386,nan,nan
9,nan,nan,0.10750820638518693,nan,0.39344262295081966,0.39084022038567495,0.3730769230769231,0.6151595242590145,0.2768358205387185,0.1415123900466141,0.4696707105719237,0.510236862014782,0.8040712468193384,0.2314206168860838,0.2134305015671947,0.08571428571428572,0.304053868352343,0.1304168626186941,0.0,nan
10,nan,nan,0.10918646895068268,nan,0.37760097919216645,0.3988114359139094,0.39335180055401664,0.6146016251602787,0.2771884176033947,0.13664194947847758,0.45784353465747873,0.5384088104921628,0.6148867313915858,0.2332959763831183,0.21349224610004142,0.12121212121212122,0.311337523957061,0.12808920756122544,0.0,nan
11,nan,nan,0.10820145138724153,nan,0.4345679012345679,0.42023901063693453,0.3853820598006645,0.623451762285522,0.29020210617243175,0.14284555128032445,0.47389078498293513,0.5054646336961507,0.6730769230769231,0.24022209366668343,0.218716217274821,0.16666666666666666,0.299054140598059,0.12452411692654021,0.0,nan
12,nan,nan,0.1074726731581293,nan,0.3875598086124402,0.4122175682850569,0.43130434782608695,0.5922321431759031,0.2820722031052302,0.14461246680142953,0.4788580662537032,0.5186393458439866,0.5349056603773585,0.2399356437521336,0.22182931132350459,0.11494252873563218,0.30517304310316223,0.1296156330305487,0.25,nan
13,0.0,nan,0.10778620805934919,nan,0.4217391304347826,0.4423596381501423,0.4426229508196721,0.5998844636278421,0.2888796388204028,0.139469026007108,0.4978833490122295,0.5064133538326379,0.46496815286624205,0.24792571286334597,0.22229214251309062,0.1,0.30174772981714143,0.12926921762417307,0.0,nan
14,nan,nan,0.11140428982719662,nan,0.3980401306579561,0.41304630123941305,0.3743139407244786,0.6117331926529157,0.2882809861533266,0.1405544940534217,0.47746478873239434,0.5122019188661969,0.3852549889135255,0.25265364652337235,0.20912155735452642,0.11949685534591195,0.2960934573073124,0.12824270197781507,0.2222222222222222,nan
15,nan,nan,0.1038062162290223,0.0,0.4154147615937296,0.4360826231402571,0.4076517150395778,0.5924455409839577,0.29487780982213085,0.14449085073569254,0.48420013166556947,0.5219468569747969,0.630272952853598,0.2489677772075816,0.2164829269398457,0.1407766990291262,0.3012287461725308,0.13406184130103221,0.18181818181818182,nan
16,0.0,nan,0.10758128455862659,nan,0.3927450296477154,0.4176336683138082,0.4220430107526882,0.6149617018730178,0.2859830967947696,0.14113462564467366,0.4747412518482011,0.5239704871026774,0.6012793176972282,0.24083856638384227,0.2158646023998373,0.09836065573770492,0.3173643313698458,0.13482348003422243,0.5,nan
17,nan,nan,0.10621488353169281,nan,0.37934534382136514,0.4310623736195365,0.43573667711598746,0.6036924559431166,0.28309727128273715,0.14709715866914336,0.48567393058918484,0.5406241214506606,0.49842022116903634,0.23902268455789152,0.21967895607243645,0.11023622047244094,0.31826064984437274,0.13199085685566686,0.2857142857142857,nan
18,nan,nan,0.1103860105812454,nan,0.3972073677956031,0.43308148947652453,0.418227215980025,0.5796598583088205,0.2733272606360685,0.14150042884125374,0.49124258722934766,0.5335400616565213,0.6217870257037944,0.2384101759808105,0.22806163389323164,0.11392405063291139,0.30824501056381065,0.13188917308489204,0.2608695652173913,nan
19,0.0,nan,0.10643722057822166,nan,0.40043843624406283,0.41690894290033725,0.3709050527484731,0.6096721855525646,0.28717917433838375,0.14738554776949434,0.4815950920245399,0.5237600323344304,0.5809334657398213,0.25197643997769803,0.22429446431415706,0.08,0.3145595778442009,0.13235750680278321,0.2564102564102564,1.0
20,nan,nan,0.10926453293418993,nan,0.3879707396369548,0.45603880414007,0.4596949891067538,0.5879086853105516,0.28247550480368083,0.13936195259770837,0.486376575843839,0.548895203248868,0.6277056277056277,0.2517270001071008,0.22913010335230194,0.12025316455696203,0.31286690755522384,0.12829067810904543,0.2777777777777778,nan
21,nan,nan,0.10982728643088027,nan,0.38030842230130485,0.41245509927500956,0.40425531914893614,0.5934002542472465,0.28207278120009127,0.1423487881881129,0.5096761831768538,0.5210695778190041,0.6462513199577613,0.244557362534342,0.2184219350512007,0.08,0.3267929484040422,0.13506174307744148,0.2608695652173913,nan
22,nan,nan,0.10926764064441995,nan,0.3686993302784632,0.4545896147403685,0.391025641025641,0.6113929667566468,0.28746004669224456,0.1412985824058739,0.48965185304026954,0.5263926701868261,0.4814117647058824,0.24932305627743964,0.21657211797623022,0.13636363636363635,0.31547015341319223,0.13298040110052745,0.2222222222222222,nan
23,nan,nan,0.11276833844257175,nan,0.4043790626069107,0.4309679631905347,0.38390092879256965,0.5745813891526674,0.2739007034804072,0.1425791933860784,0.4766791044776119,0.507795622929746,0.6905564924114671,0.24088745622894606,0.21863191283960834,0.07,0.31389231438026205,0.13334760375787846,0.20454545454545456,nan
24,nan,nan,0.11362810850078482,nan,0.3922187171398528,0.4572248669840381,0.4214046822742475,0.553911074180882,0.2879602471193795,0.13739707171651375,0.4799459215863001,0.5244986313293858,0.604274134119381,0.2352182477447524,0.21844488596886846,0.18181818181818182,0.3107401815195208,0.13505447395082124,0.18181818181818182,0.0
25,nan,nan,0.10655203008306816,nan,0.3900709219858156,0.43080620618058224,0.3930421909696521,0.637928408225438,0.30771318276491383,0.1512247916082782,0.5002922267679719,0.5133784085160547,0.6004886988393403,0.2463668816033589,0.23166859499099632,0.08196721311475409,0.30105676059332204,0.13577274443556336,0.2857142857142857,1.0
26,nan,nan,0.10834314847062315,nan,0.3895240627492688,0.43796116065365986,0.39247751430907607,0.6445184959454164,0.31076563365260373,0.14751632621248453,0.49980252764612954,0.5288078740957834,0.5874620829120324,0.24246032372680615,0.21752650260715495,0.125,0.30237652636016227,0.13954082501618012,0.2222222222222222,nan
27,nan,nan,0.10776890918138701,nan,0.41803005008347244,0.43812582370139214,0.37637362637362637,0.636166645269968,0.3087613555059298,0.1414852109942127,0.4977949283351709,0.5384163583629527,0.6034593209481102,0.2464144460868523,0.2191414063702108,0.12121212121212122,0.31771219715200755,0.1387718472634148,0.31746031746031744,0.7619047619047619
28,nan,nan,0.10761850234095799,nan,0.38980083169183627,0.4535628761892434,0.41652892561983473,0.6100544178614296,0.28285572850778284,0.14907266401607486,0.47685738684884715,0.518271544966769,0.6304849884526559,0.25633106400250916,0.2301051416752224,0.1,0.30572125908261244,0.1360713514362569,0.25984251968503935,0.7777777777777778
29,nan,nan,0.11027684060523951,nan,0.3933778107239931,0.4528696626251977,0.44139650872817954,0.600612215499856,0.28278972339707087,0.1439099923649703,0.48645720476706394,0.5445715400656074,0.5347432024169184,0.24230226328310417,0.22110622284939543,0.0,0.3224353742834387,0.13274943715336884,0.3333333333333333,0.5714285714285714
30,nan,nan,0.1066604998756892,nan,0.4369020501138952,0.4425071396362543,0.3998609179415855,0.5886765443707261,0.30279024258578224,0.14470005824111823,0.5014615134784021,0.533442812644276,0.6791406791406791,0.23893616363774275,0.21926001671820092,0.058823529411764705,0.32062866166453313,0.14828879257638955,0.20408163265306123,0.6666666666666666
31,nan,nan,0.10956831228692239,0.0,0.4010118043844857,0.42832889342848074,0.36018957345971564,0.623744939041249,0.29453559604168833,0.14562992934001817,0.4741588156123822,0.5182013081593576,0.5397536394176932,0.2553638222920377,0.21152617316312108,0.1276595744680851,0.32856151587937016,0.1350641602441219,0.2815533980582524,0.2222222222222222
32,nan,nan,0.10511435302661705,nan,0.3897703549060543,0.4263715379670775,0.38870967741935486,0.5783137488938737,0.2867470437404859,0.15015764280245225,0.49029597282872395,0.5530483027882306,0.6003039513677811,0.2576736455512961,0.22670875475101462,0.10663983903420524,0.3346853097093251,0.13660061562139283,0.2596491228070175,0.4444444444444444
33,nan,nan,0.11154419614457783,nan,0.3812392426850258,0.43962269747575117,0.41545893719806765,0.5778484849522727,0.2849561580101105,0.14665553971510367,0.4922357343311506,0.5318614283486127,0.593939393939394,0.2470117540986867,0.20822506174165145,0.1111111111111111,0.31501576903361456,0.13774878656359948,0.0,1.0
34,nan,nan,0.11390854930155903,nan,0.4076335877862595,0.41885157927016253,0.3524027459954233,0.5953808437734613,0.3054079357702385,0.14668328276493595,0.49768160741885625,0.5187343388653692,0.5928045789043336,0.23556682302096169,0.21274295387428796,0.1267605633802817,0.3272947479703168,0.1318882696557595,0.0,0.7142857142857143
35,nan,nan,0.11050044124423064,nan,0.4083960203834021,0.46294431577887424,0.41592394533571003,0.6016951293907858,0.29264887535549106,0.1496441395555044,0.46587887740029543,0.5395788158763081,0.5171865054105665,0.2518662749256793,0.2167923779277491,0.07042253521126761,0.31601497469006956,0.13162429170265202,0.75,0.6
36,nan,nan,0.11195849424868315,1.0,0.3819219790675547,0.44057365066370385,0.432753164556962,0.6086520703063326,0.2877776695245518,0.13952176080438447,0.43153568564554934,0.5464524571096249,0.6647432198499712,0.24593698750011805,0.22245962291971003,0.12290502793296089,0.32823886532623986,0.13352096979084516,0.5,0.625
37,nan,nan,0.10975037316364207,1.0,0.3991986503584985,0.4471862054526149,0.5354330708661418,0.6059365404298874,0.3001923260540423,0.14164025267763874,0.45289811592463697,0.5242447960853645,0.6401401401401401,0.24227271663311642,0.22754034771766987,0.06481481481481481,0.32081717670469867,0.14291599436987196,0.2608695652173913,0.7857142857142857
38,nan,nan,0.1117035026496058,nan,0.3844541203031769,0.4396668000652171,0.427797833935018,0.6083065970609002,0.3141143235796743,0.1452683645078736,0.4907521578298397,0.5283213868978163,0.6770152505446623,0.23636275045327138,0.22301166588030677,0.19047619047619047,0.30988885938626104,0.1376543332407003,0.17142857142857143,0.7291666666666666
39,nan,nan,0.11183878675766122,0.0,0.40303687635574836,0.4394314793110099,0.41853932584269665,0.5827611744023476,0.2825434086613436,0.14016110539209584,0.48087188612099646,0.5504377825507603,0.5056532663316583,0.25424212773218097,0.22021819080878943,0.1308411214953271,0.31779299290928414,0.13909962043118615,0.125,0.8666666666666667
40,nan,nan,0.10827871592674479,nan,0.3867668545188896,0.4566581123467351,0.4079601990049751,0.6090034462426434,0.29835851639564487,0.1475693934498458,0.47941922751621086,0.5644528960495981,0.6286748077792854,0.25324964879988465,0.23528204426504293,0.13043478260869565,0.31239446940010834,0.1309538386188319,0.2926829268292683,0.7647058823529411
41,nan,nan,0.10843646812693772,nan,0.3809766022380468,0.4559157416750757,0.486328125,0.6043312868752289,0.28955379931732217,0.14291583146138834,0.48718633208756007,0.5424968637544246,0.6751412429378532,0.24574215426038584,0.2229798452932202,0.0,0.3380962109285809,0.14268082793604783,nan,0.5873015873015873
42,nan,nan,0.10920221656046122,0.6666666666666666,0.40883824346859365,0.45739285234448473,0.4153061224489796,0.6374587439546077,0.3169408594525599,0.14857855667302247,0.47464526634100956,0.5621100069332101,0.6907894736842105,0.24947728134025066,0.22744114379904684,0.15,0.3066644090755164,0.13168681029952706,0.0,0.6666666666666666
43,nan,nan,0.10939214797527316,0.625,0.4160780356542213,0.44653012228974415,0.4256619144602851,0.6044322934583839,0.312131366815365,0.14936714328195058,0.49377018920166127,0.5147087350645129,0.6300141576215196,0.25492308808590913,0.22161669110600515,0.13333333333333333,0.3142997805425522,0.13341399218882663,0.17647058823529413,0.8717948717948718
44,nan,nan,0.10857431376203318,0.0,0.39447983014862,0.4364353794425765,0.4562043795620438,0.6164017620620889,0.29305472739999483,0.13736356026863825,0.4587921254587921,0.5594374092797437,0.6125493637560333,0.2505343088384715,0.23815697233345817,0.14942528735632185,0.3404806337357657,0.1393637432376726,0.25862068965517243,0.7692307692307693
45,0.0,nan,0.10795890271733607,nan,0.39299001370667713,0.44066466780620395,0.47317073170731705,0.5967058873729238,0.314827394553202,0.15036698456594172,0.48701903874317665,0.5738401076148023,0.6490407112774919,0.2535765148750098,0.2242358881049784,0.13533834586466165,0.30848402179542356,0.13830171084755136,0.047619047619047616,0.8775510204081632
46,0.0,nan,0.11044077682131075,0.3333333333333333,0.40076063703351555,0.4416566763715248,0.4358288770053476,0.5898615077450728,0.2791796380019711,0.14854761345721665,0.4793140407288317,0.5474751378213063,0.6146746654360867,0.2508877400488257,0.23041373059744755,0.12422360248447205,0.3042900632894491,0.139783744800581,nan,0.9032258064516129
47,0.3333333333333333,nan,0.11320569535903863,0.6923076923076923,0.38793789808917195,0.43813561709440235,0.3853073463268366,0.6244706416636706,0.31166557961851266,0.14600687792394548,0.46404358353510894,0.539648604082561,0.5919610231425091,0.24910563756733417,0.22068003983496942,0.11801242236024845,0.3075182298214735,0.1302929326463946,0.1702127659574468,0.8636363636363636
48,nan,nan,0.10634493899046088,0.08,0.42016460905349795,0.45496497359780913,0.459915611814346,0.6482357191920877,0.3180385713516134,0.15512257807621652,0.4688657017839111,0.5498303508071009,0.6589403973509934,0.254111266620014,0.2147995889003083,0.14935064935064934,0.31372642597497635,0.13930272749971848,0.27906976744186046,0.9473684210526315
49,0.0,nan,0.11039245081937878,0.2413793103448276,0.39080459770114945,0.4402448008160027,0.4361389052383755,0.5752284229475901,0.2896906402607509,0.1503917177251633,0.468776628119294,0.49960771237471313,0.6538112522686026,0.24605922847891842,0.22307402665863393,0.1320754716981132,0.33778272588773,0.13793924454839568,0.28368794326241137,0.8032786885245902
50,0.36363636363636365,nan,0.11228783318335557,0.25,0.3705437522506302,0.4381494416418747,0.42091152815013405,0.5913741788915696,0.2769412177127651,0.14101075243462471,0.4864440639269406,0.5797206148972971,0.6625824693685203,0.23924096734507766,0.22040524208522103,0.14068441064638784,0.3280749510784603,0.1409491465574094,0.1724137931034483,0.8481012658227848
51,0.2857142857142857,nan,0.10748080127460122,0.20625,0.4052173913043478,0.4570005601053604,0.4249240121580547,0.6432127656232822,0.3070360614495569,0.15853946270489053,0.5103406326034063,0.551467385792102,0.7102272727272727,0.25259525308774433,0.22992633105660304,0.16666666666666666,0.30948698494222016,0.13419110846196536,0.4358974358974359,0.7534246575342466
52,0.0625,nan,0.10656033814772672,0.631578947368421,0.40200875611640485,0.43368363121756903,0.404344193817878,0.6301593616353885,0.30858522224024154,0.16022529225920945,0.5318438087283358,0.5720614810640654,0.702354260089686,0.25415587336830725,0.21821349248955274,0.136986301369863,0.30336789842867484,0.13977682608134023,0.6410256410256411,0.7761194029850746
53,0.2727272727272727,nan,0.11364167608885806,0.35294117647058826,0.3820401046207498,0.4698911606143831,0.45874587458745875,0.562683696795965,0.297269605671245,0.14141290316863445,0.4918166939443535,0.5198455582251786,0.6622103386809269,0.25532874820480855,0.21326159662643596,0.16423357664233576,0.31485555303937107,0.13760493553012054,0.2857142857142857,0.7614678899082569
54,0.0,nan,0.11137795870844848,0.5717948717948718,0.37658063398579594,0.45684781910451594,0.44042651831247104,0.6170719170428641,0.3142620121225096,0.14068679121969135,0.44021739130434784,0.5466626220671792,0.5551566579634465,0.24221050665823912,0.21711942593541775,0.16279069767441862,0.32335108637561505,0.1433265471883208,0.4434782608695652,0.5384615384615384
55,0.0,nan,0.11080959858661525,0.5886075949367089,0.4012806830309498,0.4371208506577602,0.43134822167080233,0.6233462304195936,0.2951898763882126,0.1515027144003134,0.4880464480874317,0.5253573923290622,0.7139807897545357,0.2448958587572449,0.22733329738806257,0.14590747330960854,0.3231507842478471,0.13720565149136577,0.7058823529411765,0.6428571428571429
56,0.0,nan,0.10727403205536212,0.657439446366782,0.39129529362765514,0.4538494452764449,0.49570200573065903,0.5733461299763624,0.29740172249815067,0.14863397206025025,0.4712693588073527,0.5672182599931104,0.6349530420579829,0.253438172985426,0.23080682320634846,0.1702127659574468,0.31974347228584515,0.1452124524460162,0.4092664092664093,0.589041095890411
57,0.0,nan,0.11008233091384749,0.5734597156398105,0.39449317738791423,0.4760983954037521,0.425832492431887,0.6098349162531357,0.30654318689501114,0.14228185938030496,0.4569789674952199,0.5372026598070447,0.7466743782533256,0.2523988181312112,0.22864865629820416,0.16666666666666666,0.32492481998179124,0.13809617621674358,0.463768115942029,0.7532467532467533
58,0.5,nan,0.11045541014239926,0.6859504132231405,0.36809100189587285,0.4246226355009235,0.44696969696969696,0.6226309503241363,0.29510560880369185,0.14944059625170245,0.49477548715052244,0.5694041097219438,0.5635413263639334,0.256354527370515,0.21584076925393209,0.15730337078651685,0.31328171995968845,0.14273900526672145,0.42424242424242425,0.45491803278688525
59,0.0,nan,0.1087554311021896,0.40945945945945944,0.37386630836412493,0.438623338001126,0.4017971758664955,0.5999041909317432,0.2835417464519817,0.14761081141113774,0.5360824742268041,0.5606298727311947,0.6809787626962143,0.26116122719759244,0.23535061740971702,0.14173228346456693,0.31744579999681877,0.13967677219094438,0.576271186440678,0.640625
60,0.3,nan,0.10972118620897268,0.706601466992665,0.3804803659931376,0.4390637951138647,0.40859598853868195,0.6027672765218396,0.2832649668228623,0.15183345999423953,0.4787619361211722,0.5103048616638866,0.6072106261859582,0.2598857280157168,0.22936829456081398,0.12359550561797752,0.3390459740463666,0.13631224217583718,0.5791245791245792,0.592964824120603
61,0.0,nan,0.11347541564575556,0.5094086021505376,0.3734772552043177,0.4179544481955209,0.3877185118780816,0.5992758492508292,0.31581404609712393,0.15127850219709313,0.46641674476726025,0.5365656588171048,0.5329268292682927,0.24963106423163725,0.2174316020733926,0.12987012987012986,0.3073433819112098,0.13880070963926672,0.36363636363636365,0.45112781954887216
62,0.0,nan,0.11372712691938205,0.5431309904153354,0.3707742639040349,0.4401379813220406,0.43148978574987545,0.6071739154164953,0.3013895753692917,0.14284696463002464,0.44488065326633164,0.5577084986401933,0.5472,0.24712904516491194,0.22258523670100963,0.16129032258064516,0.3191854017542091,0.13830087496471916,0.5177777777777778,0.41904761904761906
63,nan,nan,0.11032725329486219,0.5718608169440242,0.39969512195121953,0.41071571737810814,0.38306878306878306,0.6256788663642324,0.30582542272322755,0.1507629970143595,0.4638233054074638,0.5818120029905526,0.5160458452722063,0.2573369840786938,0.22572542094205766,0.0,0.2986390424691658,0.14065100884240506,0.5210727969348659,0.425531914893617
64,nan,nan,0.11015747137729509,0.5875420875420876,0.38997113997113997,0.4322573120634468,0.3737433471318746,0.6378904416698666,0.303059633274184,0.14840581411846437,0.44701902748414374,0.56779127137092,0.5993555316863588,0.2494062525824869,0.21458901477021067,0.18181818181818182,0.3283692627954923,0.14402714784481352,0.40271493212669685,0.5071428571428571
65,nan,nan,0.11107819703169139,0.7673130193905817,0.402467963929758,0.4408362679732194,0.39547511312217193,0.6221257304125588,0.30023357894855623,0.14894148928244447,0.5007896625987078,0.5393431135423495,0.6033271719038817,0.25571704890853825,0.22464160054422072,0.15827338129496402,0.31930846705784016,0.14023267242606702,0.6984126984126984,0.3805970149253731
66,0.3333333333333333,nan,0.11166537118714567,0.5714285714285714,0.39243943191311614,0.46782482223658695,0.434991974317817,0.5871757199373409,0.29338256816697816,0.15233332872565417,0.4993135909001765,0.5584015043537627,0.49431367363131445,0.24795557737889562,0.22073487500747363,0.1506849315068493,0.31682475321603554,0.13766319982296968,0.4153846153846154,0.355
67,nan,nan,0.10858684075650565,0.6555740432612313,0.3756476683937824,0.41977842109763397,0.44029850746268656,0.6236563996025652,0.3044907783643616,0.15491446224231445,0.4753470064222084,0.5689911213624443,0.6020217147135905,0.24979611265370885,0.21450058781494202,0.17857142857142858,0.32280131763007086,0.14507810314154643,0.5793991416309013,0.5083333333333333
68,nan,nan,0.10895553064275038,0.5533707865168539,0.41632524424834544,0.4382740045537846,0.40407470288624786,0.5971645170118317,0.299274021527321,0.15195057722480854,0.48551754290086346,0.5397893804103333,0.566044029352902,0.2617234834659464,0.2313845087506498,0.16129032258064516,0.3133246675913352,0.13920387039131632,0.4712230215827338,0.40601503759398494
69,nan,nan,0.11035555652760172,0.685546875,0.38892595063375585,0.4342317002258313,0.3768996960486322,0.5867445174295346,0.2885704120294369,0.1492450657894737,0.431426430177367,0.5771736382552555,0.6873473375671715,0.253019303011434,0.22493919991309963,0.17204301075268819,0.31666415246140694,0.14247227034154666,0.7777777777777778,0.5
70,nan,nan,0.1159876981105959,0.6030245746691871,0.3960036330608538,0.44909326609399264,0.39878542510121456,0.5715179748733292,0.28792793594801064,0.14897845111665428,0.4915699583971973,0.5403616693469484,0.6346386758175212,0.25146243333024526,0.21302294702802257,0.1076923076923077,0.3268272837325607,0.13110963610237858,0.8636363636363636,0.5714285714285714
71,nan,nan,0.10869772279237666,0.5218417945690673,0.3893730074388948,0.44320869467282353,0.3940774487471526,0.5997040365140494,0.3156038516570633,0.14180931594046325,0.43538203839711376,0.5586922434561107,0.6082631981637338,0.26388809815252356,0.23647432503970356,0.19827586206896552,0.3249780552033551,0.1372707914859867,0.7962962962962963,0.48717948717948717
72,0.0,nan,0.11405417652420871,0.5456953642384106,0.3937188019966722,0.4309760343451002,0.4359903381642512,0.5952660669926892,0.29779460289653353,0.14539511239753036,0.43830262423227245,0.5833433066049654,0.6119565217391304,0.2614280260784299,0.22269976109882683,0.08695652173913043,0.326505382479364,0.12830717224567853,0.631578947368421,0.5602836879432624
73,nan,nan,0.1092769449524158,0.755939524838013,0.39808383233532935,0.4342955565050203,0.39957716701902746,0.5782486779328792,0.2761006001191076,0.1531649814831993,0.4719441210710128,0.5558718946710874,0.7001906577693041,0.2579097524228792,0.2224055771794826,0.1951219512195122,0.32838698941886985,0.1453388704492046,0.6181818181818182,0.5515463917525774
74,nan,nan,0.11526566498566934,0.5152542372881356,0.37195320116997077,0.42509717805038116,0.4223744292237443,0.5946467104357008,0.2802118671189912,0.14683943565917906,0.4711390635918938,0.5672011471776822,0.43453551912568306,0.257243821366696,0.22315542509073485,0.13636363636363635,0.31479191785766397,0.13654387255962946,0.725925925925926,0.3551020408163265
75,0.0,nan,0.11196525061945846,0.7366167023554604,0.3706885159244086,0.4294309051065808,0.34962406015037595,0.6173009509637346,0.2953647709552451,0.15391217782530542,0.4322001282873637,0.5522623793021655,0.6780701754385965,0.2339770487204034,0.22588524734206133,0.13636363636363635,0.3239461467038069,0.14505323054331865,0.5909090909090909,0.6415094339622641
76,nan,nan,0.11000612972324729,0.8,0.38986317209481597,0.45848845032518504,0.3982777179763186,0.6323933594033707,0.32302415974392196,0.1467498583375365,0.4846029173419773,0.5609234254481382,0.700228832951945,0.2610786443114521,0.21643368010403122,0.09090909090909091,0.34023164411672635,0.13557796996651533,0.8125,0.5294117647058824
77,0.0,nan,0.1089350292414562,0.7421383647798742,0.409156348977829,0.42198031324249624,0.36873508353221957,0.6008987511788072,0.3086729766273904,0.14982405782885055,0.4504739794931321,0.5540385592869723,0.7219198416625433,0.2630607190766101,0.23059086464590026,0.21739130434782608,0.329722723695783,0.13632051248574736,0.5189075630252101,0.5217391304347826
78,nan,nan,0.11147334063051603,0.5928473177441541,0.3738415806959259,0.4221740746913501,0.4076086956521739,0.5829533183390766,0.300304218590826,0.14547707520520778,0.4346434725527201,0.5431157558106333,0.5448638613861386,0.2521480451004077,0.23044987188219648,0.09523809523809523,0.3263111159436048,0.14236410698878343,0.6069651741293532,0.27472527472527475
79,nan,nan,0.11062281123394904,0.7117117117117117,0.3934030571198713,0.43405234549614485,0.35705445544554454,0.6153108813065679,0.3073201849981394,0.1482992723160119,0.4897573732384135,0.5573526065556101,0.6720270842149809,0.2429075165756763,0.22009259638628262,0.16666666666666666,0.33335467076345326,0.14478928092177615,0.5830388692579506,0.35428571428571426
80,0.0,nan,0.11021758104078237,0.622568093385214,0.3938875305623472,0.44859540313754104,0.4001144819690899,0.6158066840325889,0.29959640421946493,0.14826783496134602,0.45362050739957716,0.5224156904690891,0.6170850505807418,0.2596989640100191,0.23571850637592207,0.11764705882352941,0.32558159066095577,0.14103173442527056,0.6923076923076923,0.5974025974025974
81,nan,nan,0.11027485188096102,0.6461038961038961,0.39055085619971114,0.4474895575824738,0.4105263157894737,0.6314434854120899,0.3169026794391226,0.15143337667852025,0.46121378051562856,0.5429214512309548,0.6659776767259198,0.2528366647777034,0.22381250276456055,0.08333333333333333,0.3197979700957321,0.14301718229302074,0.7111111111111111,0.4708994708994709
82,nan,nan,0.10640581855573235,0.551490514905149,0.36733700940642233,0.4248576,0.36857142857142855,0.6280621752238399,0.31558764765677033,0.14892876086434303,0.469799716133102,0.552005293881313,0.6003571428571428,0.27208815364353867,0.22866896026923036,0.10526315789473684,0.32492732864304674,0.145120837227476,0.46622734761120266,0.5641025641025641
83,nan,nan,0.11345244481635139,0.5568783068783069,0.3715146948003014,0.45670221791298027,0.4613309352517986,0.6073010373098084,0.2990588852306168,0.14362808317349557,0.4625213918996007,0.5604691883114916,0.5942131263232181,0.2533557046979866,0.2238877239603878,0.16326530612244897,0.32859784167232664,0.13931485771584662,0.7142857142857143,0.37668161434977576
84,nan,nan,0.10902001832222839,0.6701208981001727,0.4114059164379384,0.4485927044171227,0.3683027351067816,0.6022412477019506,0.29814706990444223,0.15777117731747495,0.4630733350608966,0.5482230575863103,0.5881958417169685,0.2565288629802602,0.2157762518841065,0.1724137931034483,0.3218387822176094,0.14622255380438726,0.5370370370370371,0.388646288209607
85,nan,nan,0.10772328686364895,0.5515151515151515,0.3752620545073375,0.4492724877095051,0.3959537572254335,0.6279011748340566,0.28547299047698,0.15244429903372292,0.4540864035907986,0.5597353508524179,0.7472024415055951,0.2594147818455804,0.23224104621786298,0.19047619047619047,0.337920017040311,0.14271203412187208,0.8207547169811321,0.61
86,nan,nan,0.11257158056923178,0.6917808219178082,0.37048588312541036,0.46068580663851066,0.42939068100358424,0.5656275798302678,0.2921382108547064,0.14933020863330784,0.46983311938382544,0.5382493984714756,0.605,0.25065255458339425,0.23708696336484247,0.1506849315068493,0.32462986974465885,0.13834807089892542,0.6896551724137931,0.5858585858585859
87,nan,nan,0.11033083940245085,0.7442307692307693,0.37433471318746303,0.4421802779010031,0.41638795986622074,0.6109314194344458,0.2994611818871806,0.1397176070472792,0.438689505165851,0.5856925581023027,0.6443446304614128,0.2557840092321507,0.21889943442483675,0.15,0.3528073048208487,0.14789346661600783,0.6666666666666666,0.5203252032520326
88,nan,nan,0.1130927436252861,0.6958105646630237,0.3884974290611312,0.46063692331078515,0.3825966850828729,0.6331400407025989,0.3093749409697954,0.15091239978358173,0.49288922155688625,0.5501218030271048,0.5916784203102962,0.23799229038706068,0.21964801681113738,0.19047619047619047,0.3221446761870991,0.14108470169290338,0.7280701754385965,0.4972972972972973
89,nan,nan,0.10976929816759426,0.42034203420342037,0.37872991583779647,0.457566212000734,0.4357142857142857,0.6101126707187313,0.307028737685672,0.15008952800573502,0.49865047233468285,0.5566621226642537,0.6203148425787106,0.253243126018611,0.22734310255108925,0.1282051282051282,0.3269879866348124,0.1462646130639303,0.6055776892430279,0.4764705882352941
90,nan,nan,0.11227279796515274,0.5947136563876652,0.395343196701431,0.44870933251871087,0.3957759412304867,0.6408536205715709,0.30038956157237073,0.14599147755425626,0.4468247895944912,0.5563424420818323,0.6753832281334535,0.24880566086765324,0.22065292042171927,0.14383561643835616,0.320512925964615,0.14899838742646893,0.46733668341708545,0.5416666666666666
91,0.0,nan,0.10859019111734848,0.4053398058252427,0.38257345491388045,0.44155967407367236,0.427734375,0.6193732809576696,0.3111258027956177,0.15698974087440207,0.49617826143282806,0.5646537100760917,0.6231137283768863,0.24762072087095313,0.22249933379341447,0.07407407407407407,0.3276563691312775,0.1439938686544723,0.6666666666666666,0.4540540540540541
92,nan,nan,0.10947256641768255,0.6747826086956522,0.3930666666666667,0.4453123888390888,0.3757115749525617,0.6120016109544906,0.2870036101083033,0.15190614842903574,0.5031677907214388,0.5826117688637569,0.5671967570938572,0.26220185825165715,0.2291807038921941,0.13157894736842105,0.3268428626072385,0.13895606743404387,0.7566371681415929,0.4127659574468085
93,nan,nan,0.11132482965407127,0.6377049180327868,0.38663745892661555,0.43261393413481164,0.3952483801295896,0.5969203474769751,0.2945220588235294,0.14404825368826898,0.4751683501683502,0.5732223078513562,0.6737251512532412,0.2578022256353972,0.22968886445227854,0.15294117647058825,0.33934051930122655,0.13968967684259906,0.873015873015873,0.5396825396825397
94,0.0,nan,0.11056567541617646,0.4445534838076546,0.36165549252191853,0.47429867009576665,0.42031652557968346,0.6327501968850116,0.2979219594080767,0.14971548568492474,0.4395669962495738,0.5768143631081682,0.6651356993736952,0.25460600474650513,0.2336601945540493,0.125,0.31754844328325715,0.1443198485923823,0.7833827893175074,0.5604838709677419
95,nan,nan,0.1114332813134959,0.6289592760180995,0.4177430319510537,0.4685509226489325,0.37483559842174485,0.6194781690952131,0.2981191823119746,0.14943353001761495,0.45412579342181186,0.5297700996677741,0.5851029075465534,0.2543977701806307,0.22635027579313663,0.15294117647058825,0.3311715803248403,0.13841228976473977,0.5688775510204082,0.6157024793388429
96,0.0,nan,0.10747964549345962,0.5826330532212886,0.38939302278685217,0.4593884595411919,0.40619307832422585,0.628088175807226,0.34173624705365346,0.15783054686422407,0.4859305813455221,0.5588035510717597,0.6517584097859327,0.25668559447890277,0.22217017491847021,0.13333333333333333,0.3098019101291382,0.1432443703085905,0.7307692307692307,0.548951048951049
97,nan,nan,0.11337707375946249,0.568215892053973,0.3758578215731128,0.43132915440706154,0.39866666666666667,0.565932051692763,0.29705109169242755,0.15123701079221005,0.46867107636800964,0.5528902893829958,0.6474201474201474,0.24895020463241627,0.21647060399807064,0.12345679012345678,0.3469602947592961,0.13479044464284223,0.5211416490486258,0.6407766990291263
98,0.0,nan,0.10920847060259856,0.6214605067064084,0.389937106918239,0.4256051819706338,0.3665620094191523,0.6220707603625639,0.2926263990949133,0.150268209710237,0.46696499078704923,0.5613252938668616,0.6444805194805194,0.26091250111439523,0.231089313766811,0.10526315789473684,0.3377002195300431,0.14035981140192988,0.8842105263157894,0.6255924170616114
99,0.0,nan,0.11199230882417271,0.4742967992240543,0.39241061636323754,0.4523310023310023,0.3981042654028436,0.6197513339972354,0.3132577319587629,0.14590982690597276,0.45446880269814505,0.5487363374217945,0.5991861648016277,0.25226868743568154,0.23040955733206062,0.13333333333333333,0.31758010549232185,0.1461358934376943,0.5564941921858501,0.6502732240437158
100,nan,nan,0.10987941195761147,0.5467532467532468,0.377734375,0.41629645055301034,0.3888888888888889,0.5951067596831421,0.3117303296800704,0.15773559151303027,0.4415374677002584,0.5659437622593478,0.7346094154164511,0.25248269827380476,0.22994057858876027,0.13333333333333333,0.31496580652998807,0.14263020328244344,0.7027027027027027,0.5653710247349824
101,nan,nan,0.1098820675017371,0.6061946902654868,0.4075043630017452,0.42994846844018936,0.3951612903225806,0.6216132429949128,0.2950553795185243,0.15240139748284717,0.4506862745098039,0.5438066807524768,0.6248656395557148,0.2504656360588564,0.2260764344055662,0.2,0.33658421571569425,0.1423958897975537,0.5628930817610063,0.4957983193277311
102,0.0,nan,0.10705834824262711,0.6817248459958932,0.38315098468271336,0.4699006612140014,0.4378563283922463,0.61968454774523,0.3040294179867843,0.15344314950320173,0.4809694209499024,0.562484540995771,0.7342588001983144,0.25357292178482815,0.24652977750614122,0.12727272727272726,0.32653921239798067,0.14351415485319402,0.9159663865546218,0.6415094339622641
103,0.0,nan,0.11149949176584092,0.6206322795341098,0.3672982246755184,0.44655542477324656,0.4182741116751269,0.6113243167397397,0.3113430594426207,0.15957024077439524,0.4954139512430606,0.5585309284419223,0.7574123989218329,0.24308172808486878,0.2198927150435771,0.12121212121212122,0.3134121546345811,0.14471147086588868,0.7133105802047781,0.71875
104,0.0,nan,0.11406212224946823,0.550561797752809,0.37892095357590966,0.44962697274031566,0.4033457249070632,0.584890615064703,0.30667220256427735,0.15573814433726585,0.4597531773807331,0.552592092866365,0.6047238624522404,0.23863022219502994,0.22233362576764004,0.14285714285714285,0.323659911260343,0.13817519470731093,0.6121794871794872,0.5260115606936416
105,nan,nan,0.1110745625669811,0.507361268403171,0.35869730634606606,0.43581529088927695,0.3724202626641651,0.6234789234251396,0.3037535546121636,0.15507406843787225,0.4453133854697949,0.5736004484107241,0.6666666666666666,0.2406080504009672,0.2265836435106272,0.07042253521126761,0.3418213778323581,0.1387612687954404,0.6861313868613139,0.5339366515837104
106,nan,nan,0.11304538491945844,0.6954225352112676,0.3806513673216985,0.46414516499502334,0.4847457627118644,0.6072901096838016,0.2926616038280189,0.14477640365360073,0.4668312757201646,0.5512870881232598,0.740546218487395,0.2503429355281207,0.22997456978835723,0.20833333333333334,0.3315121142469573,0.14264483853715562,0.9047619047619048,0.7291666666666666
107,nan,nan,0.11126133536734317,0.47417840375586856,0.3796126668411411,0.4150514839491217,0.3914590747330961,0.5896943911459637,0.28215936972761524,0.14806086466570015,0.4525022143489814,0.5647994050122838,0.468826705940108,0.2583409298085688,0.2296239908065496,0.10869565217391304,0.3199866143693189,0.15181971445750464,0.6289752650176679,0.3656716417910448
108,0.0,nan,0.11464861444426779,0.5611979166666666,0.34434449196283734,0.41688963823626435,0.38058252427184464,0.5804961255089951,0.27775412000170335,0.14301287083253106,0.4556513704958423,0.5597333921555769,0.5606955380577427,0.2662476726252787,0.22185197428050457,0.14285714285714285,0.32617169490246706,0.143613836965944,0.5518867924528302,0.5225806451612903
109,nan,nan,0.11469593976791209,0.5105438401775805,0.3918088737201365,0.4376558093914749,0.43825665859564167,0.6007599836639026,0.2999450476569458,0.14700306775027522,0.503731343283582,0.5660009593957022,0.5758957654723127,0.2459934619099693,0.21953860248188556,0.0,0.3366643482530071,0.13861840581326515,0.7875816993464052,0.6666666666666666
110,0.0,nan,0.11105815294730087,0.7495361781076066,0.39767626089252706,0.4463323259473838,0.4544609665427509,0.6045184133431586,0.28335845119406444,0.14444648159948062,0.47449203332846074,0.5603732594237717,0.6707419898819561,0.25893689556807903,0.23528937019428303,0.09523809523809523,0.3210114663224239,0.1485633574117634,0.72,0.6258278145695364
111,0.0,nan,0.10894213354599727,0.5419198055893074,0.3722254672897196,0.4596403565590204,0.44,0.5928347774921371,0.27557754934587725,0.14881229021430414,0.4503794078262163,0.5769200596218718,0.6234832262669522,0.2674581005586592,0.23477550597051694,0.15217391304347827,0.33119142033165105,0.14718430034129693,0.7460815047021944,0.54421768707483
112,0.0,nan,0.10754739836117383,0.5189873417721519,0.3701443667212383,0.45907809523809523,0.43045387994143486,0.6100151358588872,0.3030838092298194,0.15093718531443018,0.4831320283215327,0.5747559406095991,0.5581969743748071,0.2595367127322955,0.22541218447433556,0.3333333333333333,0.3352683533961027,0.15242227042660883,0.7941176470588235,0.6214285714285714
113,nan,nan,0.11168974589391856,0.5704057279236276,0.38602300453119553,0.4619695262207265,0.4136652542372881,0.6081347344717583,0.29500902195049317,0.14611786163365412,0.43665925839279446,0.549739953528468,0.6131386861313869,0.2549431921115971,0.22139332860929586,0.13,0.3251276425165619,0.14937425869885715,0.7406143344709898,0.627906976744186
114,0.0,nan,0.11263813356372776,0.5959595959595959,0.38054721388054724,0.4597743270273159,0.39699381078691426,0.6103515376361686,0.3088048476841383,0.14942557926180824,0.44963884430176565,0.5529585163607666,0.7436692506459949,0.2569663398613811,0.21927457528024197,0.19148936170212766,0.33071196486592636,0.13954187587782785,0.46153846153846156,0.8359788359788359
115,0.0,nan,0.1104018837182574,0.5087145969498911,0.3553382233088835,0.4408533451853498,0.422283356258597,0.6283374153362361,0.31478727178451543,0.14597580461081944,0.44470269223319775,0.5644213698730424,0.5685640362225097,0.24857813589788663,0.23430075297901892,0.16071428571428573,0.32823398079928556,0.14635787281897158,0.8727272727272727,0.5584677419354839
116,0.0,nan,0.10690134403708423,0.5238623751387348,0.36505460218408736,0.4512681107853463,0.48476936466492604,0.603306349571519,0.3047846558211947,0.1534734523537487,0.44990291262135923,0.564110121321119,0.5475059382422803,0.2588311153063802,0.2463577489746892,0.19626168224299065,0.33190037020804386,0.14452229206327566,0.6522522522522523,0.4876660341555977
117,0.0,nan,0.11300625237472871,0.5031120331950207,0.38223668914206,0.458630453797459,0.40428612800463365,0.6219407142777232,0.2887682162672164,0.15223941464138022,0.4571998123827392,0.5568899198402678,0.6914940502423975,0.24350363548752682,0.2259157656930773,0.07142857142857142,0.33469500522960943,0.1431189458067894,0.8541666666666666,0.8055555555555556
118,0.0,nan,0.10922980293777122,0.5918367346938775,0.3991890895687431,0.4408439887360379,0.3924546790788829,0.6115795452063173,0.31221654683280736,0.15378286469703162,0.5155929038281979,0.5549924031763324,0.6526732673267327,0.261696425293405,0.21969341288978636,0.1649214659685864,0.32421442075754614,0.14834835477724734,0.7514970059880239,0.6202090592334495
119,nan,nan,0.1120140818404638,0.712280701754386,0.38907395069953365,0.4612122608896059,0.5052770448548812,0.5832858779699625,0.29276613048978856,0.14562188198864615,0.4916451569080288,0.5327100245783634,0.696820420958352,0.2532759793145984,0.22896253503088226,0.13333333333333333,0.3419516956368243,0.14706781318770887,0.7951388888888888,0.6955223880597015
120,0.0,nan,0.1117051574659318,0.7637474541751528,0.403125,0.44062716163246485,0.46905940594059403,0.5535333929091917,0.2965051529989924,0.15668206950166017,0.46585198720877113,0.5350277190069365,0.668185584092792,0.25561234452341175,0.2380018016250301,0.22058823529411764,0.32304636891878263,0.14072701269796942,0.7537942664418212,0.714765100671141
121,nan,nan,0.1117580749669368,0.583547557840617,0.37520051331408405,0.46275174042764794,0.3989276139410188,0.6174688993092022,0.3151072082594339,0.14550736959329905,0.45075657021502524,0.5738572705414353,0.5904292751583392,0.2566567673342255,0.224813561015827,0.13793103448275862,0.3183581171015156,0.1468411575236501,0.8016528925619835,0.6421568627450981
122,0.0,nan,0.1109268861973867,0.5049723756906077,0.3737262462131644,0.4579545624728558,0.4619015509103169,0.6135371897803544,0.3086004309785931,0.15373886614040272,0.48332652783449026,0.5558926813927891,0.7381178707224335,0.24661035035159426,0.2435460072006138,0.14285714285714285,0.3160430038079092,0.14578237010871106,0.7505827505827506,0.7057057057057057
123,0.0,nan,0.11201867325676026,0.3968386023294509,0.37227668845315903,0.4626760342502274,0.4663991975927783,0.5813135448652337,0.29776280801276367,0.14552463008851713,0.4682004203074881,0.5557793742649885,0.6655462184873949,0.2470809406427892,0.23414624693582925,0.16279069767441862,0.32710612714086057,0.15021342148335953,0.5527714502657555,0.6295081967213115
124,0.0,nan,0.10942759838665099,0.4244935543278085,0.3606946712186433,0.4525936079647933,0.39574776516066684,0.6134921477662602,0.311154611385662,0.15104808068070238,0.4790337902021984,0.5771312712779733,0.7039030955585465,0.252445579357198,0.2283759067836666,0.1,0.3315210101317213,0.14734183366150203,0.8509933774834437,0.6624685138539043
125,0.0,nan,0.11256298195599036,0.7495145631067961,0.3566658716909134,0.45038485840657133,0.41191275167785235,0.62841841042031,0.3007583214845601,0.14924985478775402,0.4884728454278199,0.5552896316728866,0.7144268774703557,0.25759498881677345,0.22190070418367952,0.14285714285714285,0.3403717504521584,0.13696697180635095,0.5965480043149946,0.688034188034188
126,nan,nan,0.11119375952797422,0.46500920810313073,0.3869469567342948,0.46684929771500056,0.43814789219073946,0.5919735593031048,0.30357541068906563,0.1528085891856192,0.47165276403223527,0.5670528997816064,0.7225378787878788,0.26131784433259037,0.22558219768845955,0.21428571428571427,0.32363314276511795,0.13892770252498685,0.8771929824561403,0.6560693641618497
127,0.09090909090909091,nan,0.11178968014544897,0.4801920768307323,0.3690901867302344,0.4380920304803604,0.49318801089918257,0.6267501216737784,0.2982141757497383,0.14259322713520212,0.43403964456596034,0.5358582272950685,0.7420349434737924,0.26122736624345,0.21803923925126942,0.2727272727272727,0.3422253016917836,0.14776675373377518,0.7210084033613445,0.6742424242424242
128,nan,nan,0.11069771225373608,0.503006012024048,0.38776328986960884,0.4414131659423789,0.4065671641791045,0.6174383985656153,0.31126567001750993,0.14225577637861453,0.46083449666511556,0.5804095734737683,0.7269249163079866,0.25494391898787516,0.22208959328050396,0.18333333333333332,0.3420033608533645,0.14957774547117725,0.597918637653737,0.6071428571428571
129,0.0,nan,0.1119430806587463,0.5127931769722814,0.3719714964370546,0.453262364691107,0.5339578454332553,0.5923431618130677,0.3194443466567158,0.14808303318856694,0.4861793180861513,0.5651733844403186,0.5681009382076998,0.25447988030553587,0.22301491364030762,0.0,0.3187146426638393,0.1426542094379343,0.7229299363057324,0.5367762128325508
130,0.0,nan,0.1144849385412674,0.5530216647662486,0.390625,0.4282648379298436,0.38911407064273307,0.6025671329623024,0.30389797580998934,0.14648400134827777,0.45829846582984657,0.566047172630847,0.5127027027027027,0.25658178752681154,0.22963159759121501,0.17567567567567569,0.31144397050557154,0.14361234317878213,0.6213468869123253,0.5
131,0.0,nan,0.11303799191678639,0.5071907957813998,0.3605661782964986,0.4437774122807018,0.393961179007908,0.5901850082515417,0.31299304754917373,0.152099794573637,0.4467302608895529,0.5449125507517958,0.709990749306198,0.25155307284781375,0.22015247804163066,0.171021377672209,0.3317710383464084,0.13922979263647906,0.7336956521739131,0.6421471172962226
132,0.0,nan,0.11289128462808058,0.4706994328922495,0.37018823130405293,0.4476355058152293,0.5154320987654321,0.5909456257372206,0.30392621214009724,0.14921914244491627,0.4544006371963361,0.5679843784950397,0.6303443057132047,0.2629665500592674,0.2219414061335797,0.16216216216216217,0.3137730918035307,0.14688959921317923,0.6226138032305433,0.6973947895791583
133,nan,nan,0.11234987960824672,0.6099585062240664,0.3894628099173554,0.4465685044200898,0.43387978142076505,0.6261761225984562,0.31622452781338606,0.1553471340877933,0.47110501029512697,0.5610853069129741,0.7035537561853351,0.25502535297833473,0.20979740424184867,0.1566265060240964,0.3084834858608569,0.14806209138541274,0.7710437710437711,0.7689393939393939
134,0.3333333333333333,nan,0.1115666858984309,0.4747682801235839,0.37803855825649624,0.4258954327667108,0.42201834862385323,0.6282811112999792,0.31709460956314806,0.14763956408543188,0.4657080908364715,0.5805083645054031,0.694816800714924,0.2564495954344682,0.23103203945476103,0.21212121212121213,0.32606660637504564,0.1425776362188602,0.8888888888888888,0.7303030303030303
135,0.0,nan,0.11275078205620273,0.5805658056580566,0.39909888546359973,0.4593474962063733,0.4519056261343013,0.5677407385320797,0.2944886750805179,0.1514566479726041,0.4321986607142857,0.543027591349739,0.644921875,0.26263099007656476,0.21658547568364173,0.14,0.3329510223831114,0.14289360004083204,0.8888888888888888,0.8388625592417062
136,0.3333333333333333,nan,0.11199319028703178,0.5121951219512195,0.3650501672240803,0.4537196648329411,0.4609120521172638,0.639010756004472,0.3349682265502433,0.14743414782907024,0.490720415086809,0.5681479906442696,0.7527047913446677,0.24282631334613117,0.2130512287658958,0.12903225806451613,0.34255167180036605,0.1434889848872747,0.8723404255319149,0.6292134831460674
137,nan,nan,0.11231702977501809,0.6385542168674698,0.3895512681552135,0.4264578846832378,0.3883008356545961,0.6089781410281934,0.3324921921851757,0.1535866582726549,0.4689822014860895,0.5322086296923886,0.6978742650384442,0.2429762343998741,0.2361419894263193,0.20618556701030927,0.31246163290362183,0.14509441785081603,0.7736389684813754,0.703962703962704
138,0.0,nan,0.11038584497531721,0.5,0.39427083333333335,0.44987315869879047,0.49842767295597484,0.6141838264876924,0.32847189464648885,0.15233967080508545,0.46850866655225676,0.5554526760659388,0.6504221028396009,0.2540462678305869,0.2253217131590307,0.21428571428571427,0.32739304580019735,0.14287670045132408,0.6765249537892791,0.726027397260274
139,0.0,nan,0.11415337698822989,0.5919899874843555,0.3868954758190328,0.43506685713550314,0.3595317725752508,0.5949569495694957,0.2936057574879721,0.14440971380198375,0.45794035177160336,0.5575995880728362,0.5226510067114094,0.26217085119412126,0.21396226591804146,0.15789473684210525,0.33724643317708225,0.14731436988509655,0.574025974025974,0.4276885043263288
140,nan,nan,0.11334373234801806,0.5742924528301887,0.375845258688473,0.42512137588457743,0.38643702906350913,0.6277119869824624,0.30545070016342485,0.13872648488548545,0.4583587863978823,0.5486955388164345,0.6627955205309001,0.26940957432860196,0.23164934332447024,0.07692307692307693,0.33268417846528714,0.14163486736242012,0.6523702031602708,0.6390134529147982
141,0.0,nan,0.10824504291210417,0.6226666666666667,0.38655067011521277,0.4564388559125637,0.5283018867924528,0.5980548705955502,0.29868661229557064,0.1505775961883975,0.41166936790923825,0.5537108370386458,0.6097006441834028,0.2574806995730752,0.24035428182512164,0.14925373134328357,0.3307270580296896,0.15112732425864522,0.7281831187410587,0.7062314540059347
142,0.0,nan,0.11157322007858027,0.5317622950819673,0.42111801242236024,0.4382191911095412,0.4,0.5850774242491856,0.3241872665129958,0.1465013010080865,0.4760122490643076,0.551794319405862,0.5963394342762063,0.25997882908557934,0.23269385564797423,0.24193548387096775,0.3220326387443893,0.1428716028139076,0.5017401392111369,0.5893470790378007
143,0.0625,nan,0.11253908562311321,0.5730858468677494,0.40274185204345575,0.44007121597194854,0.3822843822843823,0.6151724949352707,0.2967091641502382,0.14408856424933186,0.4318098720292505,0.5592359336937793,0.6314764316322555,0.2482213438735178,0.23543556368430338,0.16176470588235295,0.3354744024701712,0.14314192849404117,0.6840659340659341,0.639751552795031
144,0.0,nan,0.10851803792127449,0.4554195804195804,0.37447539107210986,0.4319244043146594,0.35570469798657717,0.6084105369909882,0.318091067173311,0.15010622047648386,0.5098402407964807,0.5871703436655041,0.6879617557583659,0.2488819675021303,0.21875168400064665,0.12162162162162163,0.3342637887897233,0.15555225230247063,0.7214397496087637,0.6936708860759494
145,0.16666666666666666,nan,0.11710457438712714,0.5566150178784267,0.36163836163836166,0.425624105086223,0.4316628701594533,0.602017609524828,0.2899781329213764,0.14702998223723776,0.4834909573585532,0.5593438706012568,0.5928787369835404,0.25190230694379806,0.23323892035988003,0.1643835616438356,0.31522032597729244,0.13882767384625283,0.7229299363057324,0.542016806722689
146,0.0,nan,0.11273441216058941,0.5616083009079118,0.38287098194627917,0.46416683438869194,0.38823529411764707,0.615010011074522,0.3151309877652589,0.14723728738867015,0.48388372552896974,0.5725057824795521,0.6773633998265395,0.24893158751065314,0.22326176934758657,0.1588785046728972,0.3301517334915657,0.14548532520249163,0.8583333333333333,0.7723214285714286
147,0.0,nan,0.11284342666521392,0.46672428694900603,0.36197094125078966,0.4519187762769479,0.44779771615008157,0.6234745436253408,0.3095765905564176,0.15192588409707453,0.4136779855017169,0.5417013447807613,0.6698187549251379,0.2629779709717822,0.22744921979275365,0.08,0.33174934493937913,0.13402908444342887,0.8353510895883777,0.6286701208981001
148,0.0,nan,0.11176384805177401,0.4393687707641196,0.38207136640557005,0.42758496534519785,0.4007168458781362,0.59452542717514,0.2996710166294334,0.1462028173543089,0.43420800612909405,0.5311045638298433,0.5805910006715916,0.2622037251051098,0.23577808458482433,0.18292682926829268,0.32861726359101634,0.14962492756396967,0.6485943775100401,0.6774847870182555
149,nan,nan,0.11299149466707102,0.4839357429718876,0.3783231083844581,0.4362601856261988,0.38461538461538464,0.6083588425551577,0.29990718396138855,0.15219596172580838,0.44095477386934673,0.5545219192267863,0.7393591582974653,0.2493121491165291,0.2246200881215718,0.17613636363636365,0.3296132998589463,0.14395182855983624,0.8094170403587444,0.7761194029850746
150,nan,nan,0.10762091510368291,0.5376106194690266,0.36998875983514423,0.46640985414498515,0.4779342723004695,0.6115315761130597,0.3000068389671916,0.1482423732590879,0.4597802976612332,0.5901755027900109,0.7340129749768304,0.26165223652674824,0.22198127156234598,0.1,0.35181352665003135,0.14893053680822343,0.7974137931034483,0.676595744680851
151,0.0,nan,0.11238642505730528,0.47368421052631576,0.35167138216493765,0.4616647834274953,0.40083905415713195,0.5989282083795262,0.3019701417380507,0.15300739738246466,0.47743148844707145,0.5646653461588642,0.6619273301737757,0.25231365300101605,0.22303817400210413,0.16666666666666666,0.33305210266794155,0.14064805248366263,0.7271317829457364,0.6696428571428571
152,0.0,nan,0.11008670276996864,0.5332555425904317,0.39283805451630144,0.4425039115259632,0.41712926249008725,0.5861318568560814,0.28393759340562735,0.15293005183574174,0.4491951710261569,0.5532101619277606,0.446311010215664,0.25972822730080297,0.22978825177453382,0.16071428571428573,0.3410074562907096,0.14356927335118927,0.6282527881040892,0.5706521739130435
153,nan,nan,0.1130811236783746,0.44355555555555554,0.3919239904988123,0.42475329954210433,0.38923395445134573,0.5959969201669297,0.31314816303561377,0.1528031169538317,0.4687447628624099,0.5289022320845843,0.7149300857013983,0.2569368504970263,0.21680982556488182,0.17266187050359713,0.33481702653138334,0.14375920955992738,0.5079026057240495,0.7513661202185792
154,0.0,nan,0.11566036899340676,0.3797554347826087,0.36219211822660097,0.4522771390174705,0.382387706855792,0.609186192794759,0.30637117188088303,0.15221783925034538,0.43197506123357826,0.554177897574124,0.670186839967506,0.24828244610131373,0.22064193259398845,0.17010309278350516,0.31329724142043985,0.14622558087289866,0.6021416803953872,0.6684636118598383
155,0.0,nan,0.1123749438875136,0.572463768115942,0.3739915482135997,0.45153187926606025,0.48578811369509045,0.6075199364918991,0.3109986938678088,0.14554156141306127,0.4721115537848606,0.5468234125528396,0.752079002079002,0.2525312425872982,0.2308019524293614,0.1891891891891892,0.34497549700518954,0.14109624169299842,0.8664122137404581,0.7912772585669782
156,nan,nan,0.10991241834766528,0.4002770083102493,0.3543154761904762,0.43862204098924956,0.348294434470377,0.5804679876395966,0.3217388669641031,0.1543877753108811,0.4888941963219489,0.559292250244221,0.555924027735906,0.2457683646418289,0.21939068432262246,0.19186046511627908,0.32805839154576394,0.15419411938243682,0.6469565217391304,0.520460358056266
157,0.0,nan,0.10807628552541027,0.42507645259938837,0.36789587852494576,0.4306843975130761,0.35210622710622713,0.6685358715167613,0.30983816263540237,0.158772339523173,0.46827586206896554,0.5676237688654794,0.6431941923774954,0.2547523451925103,0.2436507038001434,0.15384615384615385,0.3233074842739104,0.14573097461735818,0.729936305732484,0.6681034482758621
158,nan,nan,0.10915235567558765,0.6356164383561644,0.38225831162861956,0.43464878256299894,0.35294117647058826,0.6043984744513534,0.3110394641473595,0.16197024584786637,0.4753222257151839,0.5654481722583876,0.6985428051001822,0.25325355667283883,0.22868997348522047,0.11692307692307692,0.3208813884078264,0.14625790064386557,0.8054298642533937,0.796923076923077
159,0.0,nan,0.1118971337228423,0.5170142700329309,0.3667542097945311,0.4439351950543594,0.38948937756243013,0.5776381375351397,0.30843928447487146,0.15839980707156903,0.46533856524801287,0.5055043450394918,0.6795580110497238,0.2581206536497281,0.22713715062271667,0.12844036697247707,0.33937569851571536,0.14067926379952878,0.7864271457085829,0.706766917293233
160,nan,nan,0.11404123913638453,0.5860349127182045,0.391304347826087,0.44454916322216687,0.3788927335640138,0.6009261103365864,0.30608661605192805,0.14841491491095515,0.48689309322999774,0.56550251910022,0.6141078838174274,0.2623908683785944,0.22166947942360118,0.1282051282051282,0.31734322680494387,0.1423201852063766,0.8004750593824228,0.6368243243243243
161,nan,nan,0.11109996666217704,0.7027491408934707,0.3967841097186096,0.45609478980684953,0.40421052631578946,0.5721255261079509,0.3047624916129209,0.15621650446131594,0.49776918500892325,0.5694759442378058,0.7609030271934325,0.26861383442265796,0.2289404281725101,0.17105263157894737,0.3101016499261002,0.14048130213350496,0.7596302003081664,0.765807962529274
162,0.0,nan,0.11512807011141292,0.518479408658923,0.3878685355244079,0.45228739215544117,0.3982589771490751,0.5828549926452982,0.28320544748827714,0.14853234267127985,0.5017406440382942,0.5658570568301237,0.678099173553719,0.26342875766464297,0.2278124946400087,0.2222222222222222,0.3273737381953652,0.1366596396262501,0.6351819757365684,0.5541619156214367
163,0.0,nan,0.11305714057699214,0.4588607594936709,0.39366212898906494,0.47810637687625485,0.5797665369649806,0.6066214056357903,0.31000273880892243,0.15313386428103862,0.43840125391849527,0.5339275731087344,0.635500365230095,0.2593067987194726,0.2226540865574808,0.16326530612244897,0.3293485459438162,0.13933177701617577,0.7433862433862434,0.7228915662650602
164,0.3333333333333333,nan,0.112481235362102,0.4323458767013611,0.37423601316408084,0.42604878168418214,0.3150684931506849,0.6306442392510061,0.30749440984828447,0.153821250658924,0.4726228819493068,0.5460269142750774,0.6598611678236015,0.25065407500477827,0.22423246279066947,0.19014084507042253,0.3276311081897377,0.14644300825406045,0.7597864768683275,0.7049504950495049
165,0.0,nan,0.11240178678259483,0.47118023787740165,0.3853469531525185,0.4566696243714877,0.4042168674698795,0.6003692395086274,0.31713212132418495,0.1493412351205616,0.4670599803343166,0.5814153759791789,0.6318147871545929,0.24559968170890936,0.22351088002007333,0.1702127659574468,0.33015884172055104,0.1472125734274642,0.6925157799819658,0.6637168141592921
166,0.0,nan,0.11133456269248965,0.5548022598870056,0.4072202166064982,0.4618031970293891,0.42274881516587676,0.6094003535659706,0.3000063767006951,0.15204806965735157,0.4806302570785452,0.5780438136377661,0.6293532338308457,0.2495861219550401,0.22077075399847676,0.18466898954703834,0.33348585233720124,0.1486630515594699,0.6727272727272727,0.5173611111111112
167,0.0,nan,0.11187549109081947,0.5323660714285714,0.37359170797656605,0.44677626368824924,0.351010101010101,0.592806529232424,0.30361314082335106,0.15170494547096877,0.45742793791574277,0.5668097451229981,0.7332402234636871,0.25806689906746544,0.2297617900669589,0.15879828326180256,0.3443606805929919,0.1379453895957149,0.8269662921348314,0.6174785100286533
168,0.0,nan,0.10862069599967618,0.5630153121319199,0.3871587030716723,0.42259765307016994,0.373015873015873,0.5806691727789977,0.29946225803127025,0.14949553823636194,0.4680164319248826,0.5745870222744694,0.6205634833516283,0.2578028992049758,0.25132056045481,0.19047619047619047,0.33131105820540185,0.1526889100449443,0.7393209200438116,0.7248157248157249
169,nan,nan,0.11326196482655429,0.7090909090909091,0.37648075024679173,0.448272427140255,0.37225042301184436,0.6332918723816646,0.3018732278914764,0.14032142949744061,0.4567707705293621,0.5782367451426299,0.6983993260320135,0.25235750881816277,0.22930552866664822,0.20202020202020202,0.3485318021821244,0.14539734196145562,0.6819085487077535,0.66875
170,nan,nan,0.1143012166747901,0.5091891891891892,0.35698703965096884,0.4435513188189199,0.4503105590062112,0.6171269495962538,0.2974799015972786,0.15011249937856722,0.4530131976466847,0.5447918976061601,0.6376651982378855,0.2512816183942677,0.22338394965931682,0.19130434782608696,0.33169451460106597,0.1454724767567671,0.6430020283975659,0.6442622950819672
171,nan,nan,0.11043401777205215,0.4970472440944882,0.3844820947246823,0.4705771050141911,0.5180442374854481,0.62773527708197,0.337275238322395,0.15178980465570033,0.4724706539966462,0.5631748819327432,0.6263411024787273,0.2516400235644177,0.21979302629125488,0.184,0.3382636655948553,0.1440376396353431,0.7116564417177914,0.6273408239700374
172,0.2,nan,0.11090678546224078,0.5228966986155484,0.39693165969316596,0.41732058441790404,0.32253086419753085,0.5715690391909819,0.3032836175963311,0.1474674538083348,0.5003716090672612,0.566267061328841,0.6189806678383128,0.2686040442094274,0.24026123350043693,0.12643678160919541,0.32910198339445884,0.14366057852602268,0.5555555555555556,0.652991452991453
173,nan,nan,0.11072628994903262,0.5443458980044346,0.38048289738430585,0.4427723898791786,0.397733405288721,0.5768250258468854,0.2963944856839873,0.15133489996409805,0.45574197280879375,0.5758407095976528,0.6366959064327485,0.2565922320518302,0.2370145944947349,0.14935064935064934,0.32635107168653676,0.14547167532310665,0.8930232558139535,0.656786271450858
174,0.0,nan,0.1093616492773626,0.4995215311004785,0.38238068289002075,0.42164536096734406,0.28278322925958965,0.6128433029790792,0.3140702124119572,0.16037728824539,0.4730244011640922,0.5704292299689692,0.7160161507402423,0.25825723786651184,0.23455901223302633,0.15555555555555556,0.3224311470809093,0.14184409355418218,0.6232876712328768,0.6313213703099511
175,0.5,nan,0.11196573309798155,0.4601611459265891,0.37911184210526316,0.4213389970050949,0.3481927710843373,0.6311411676800012,0.32203959656331715,0.14800135537712142,0.4503097893432466,0.5700398290618984,0.6341463414634146,0.24907130504273559,0.22421944056342846,0.1232876712328767,0.3296975872119729,0.15008992902607404,0.5733482642777156,0.6256781193490054
176,nan,nan,0.1095259166147611,0.5439814814814815,0.3834418604651163,0.41704984257114003,0.3381818181818182,0.5836807623585467,0.2889996828276196,0.14528126917534667,0.4174360327090477,0.5887624818582502,0.5761371127224786,0.26698400843988934,0.22974537844436693,0.1717171717171717,0.3509504698881578,0.14844206349624,0.7782857142857142,0.7311827956989247
177,nan,nan,0.110043773528852,0.5997171145685997,0.37948243992606284,0.4575962168475629,0.39655172413793105,0.5837924913555166,0.28778091777688064,0.15713450703443785,0.5102250993085184,0.5711768491066435,0.7992895204262878,0.2410988993240897,0.22803848978551836,0.14615384615384616,0.34728091444405956,0.1494377240258242,0.8088531187122736,0.7580246913580246
178,nan,nan,0.11113116891227304,0.6676300578034682,0.3820870994248151,0.4680222616049498,0.42910101946246526,0.6120129457361525,0.3134552979353807,0.1460602993451257,0.4595442191093456,0.5740756679659162,0.7498783454987834,0.257385230537716,0.22067188630521356,0.14583333333333334,0.3260783569100288,0.15142381925142048,0.8357588357588358,0.7099099099099099
179,nan,nan,0.1129771631512479,0.7352472089314195,0.40335923790423667,0.44305895246114163,0.3635872501350621,0.6077806099390785,0.32207092032786405,0.14996591465541798,0.4740517595508695,0.5586311994632155,0.7432150313152401,0.2545268836397533,0.22164766302299282,0.16129032258064516,0.3269871489766778,0.14335708831763808,0.7695417789757413,0.7885714285714286
180,nan,nan,0.11341775946970475,0.656441717791411,0.39243864691576386,0.43586828642810876,0.3819548872180451,0.5843712396252224,0.3207472521148645,0.15101854133350082,0.4731099987164677,0.5681003160025091,0.6608662026295437,0.24108059883965868,0.22934186532719705,0.20909090909090908,0.33313339177778806,0.14301860028827015,0.7366071428571429,0.6724137931034483
181,0.0,nan,0.11334903218264109,0.37815126050420167,0.38013059701492535,0.4599208423568068,0.38929088277858176,0.5943835342141409,0.29868099537763665,0.14102154628925018,0.46343448436228346,0.5898207132068037,0.6159122085048011,0.2638236760189765,0.23516529356554386,0.15,0.3293836716208983,0.14377610578488145,0.8421052631578947,0.6912751677852349
182,0.0,nan,0.11175607265708283,0.6396526772793053,0.371413390010627,0.41506784152943577,0.3395973154362416,0.6130573713085093,0.2984090357056109,0.14910394376373076,0.46265620459168844,0.5742569356794615,0.761712846347607,0.25638497254021014,0.2402722376569557,0.16194331983805668,0.3367375502280013,0.1415030790826637,0.8611632270168855,0.7871287128712872
183,0.5,nan,0.11295276790248858,0.5248152059134108,0.36737937012424154,0.4548357330130505,0.46234509056244044,0.6253872872264609,0.2870856103052534,0.13751417050430342,0.4776246023329799,0.6106410765998523,0.6414534668149796,0.2622122130792551,0.23635676434516326,0.1625,0.33354603385387477,0.1485655684095416,0.8075842696629213,0.6214876033057851
184,nan,nan,0.11409534006912175,0.48940464177598386,0.36713379164463245,0.4340480748230276,0.31061806656101426,0.5906025555369968,0.30394076792340763,0.1560358125680676,0.4665432098765432,0.5765891733005214,0.6454441479222265,0.2420768930154837,0.21885616490842677,0.14012738853503184,0.33711216061113514,0.14278388116448198,0.7967698519515478,0.8161993769470405
185,0.0,nan,0.10890028419733981,0.4685374149659864,0.3816204287515763,0.44263778375069857,0.3710247349823322,0.5950263811024948,0.32279885078372184,0.15318566172996062,0.49130558722919043,0.5655791675649848,0.6099167822468793,0.260199228157919,0.22667950363714162,0.16312056737588654,0.3458580189169525,0.14378214361507582,0.761478163493841,0.657331136738056
186,nan,nan,0.11245091938979124,0.5141414141414141,0.3643199792558019,0.46587416732968284,0.4397590361445783,0.5863836168646686,0.30265186378278874,0.15737439931694538,0.4519272982702608,0.5975200847650853,0.6533333333333333,0.25952251145305266,0.21382003123623403,0.13089005235602094,0.3221524928051136,0.14345605542479015,0.5619684082624544,0.6163793103448276
187,nan,nan,0.11196919591736157,0.4477124183006536,0.37392769607843135,0.4520544014690692,0.41459545214172394,0.6151416440963327,0.3183381697218487,0.1406239835457247,0.4536710789448624,0.575696944633648,0.6498663612065674,0.2664766525166768,0.23693044693244297,0.10810810810810811,0.32579537252226887,0.14254172263337636,0.83810888252149,0.6117103235747303
188,0.0,nan,0.1134517157281584,0.45695364238410596,0.3678502112113255,0.4393080979235087,0.3547297297297297,0.5709587512083634,0.32160627160868693,0.16161181505928277,0.4675217211419115,0.5637482313098745,0.6873661670235546,0.25444303341867397,0.22176696264577062,0.1450381679389313,0.3175677065125748,0.13850879084889006,0.7037433155080214,0.6506024096385542
189,nan,nan,0.11235093929910678,0.39194373401534527,0.3785284590467376,0.4416869311470854,0.3427835051546392,0.6314334034189597,0.30637761656002643,0.1461257444680472,0.4561360275998029,0.5578467142597787,0.4994652406417112,0.24924775081273154,0.23393096719112086,0.0967741935483871,0.33535153722430716,0.14285195936139333,0.7949044585987262,0.4236734693877551
190,nan,nan,0.1136508710651452,0.5816831683168316,0.3726693131240226,0.4166695253450425,0.3341194968553459,0.6087091678685419,0.3110781549071463,0.14700900540566747,0.4888027562446167,0.5501854236131745,0.5585023400936038,0.25845995462604615,0.2246972918014604,0.1232876712328767,0.3420571350331055,0.14438853541444302,0.6711783439490446,0.6142384105960265
191,0.0,nan,0.11436720224812141,0.4113737075332349,0.39573633913256556,0.450435775345975,0.450050454086781,0.603521956706297,0.32670527821417683,0.1442108266969484,0.47386534738653474,0.5760444772471536,0.6482047364400305,0.2569248304635192,0.21832765265538115,0.17073170731707318,0.3298207418379092,0.1410062782631602,0.7904540162980209,0.7091633466135459
192,nan,nan,0.11184533166889905,0.5891583452211127,0.368609865470852,0.42838012162909267,0.46842709529276694,0.6323683451489989,0.2940022234574764,0.15417264701414973,0.4818715209869114,0.5394051806159865,0.7123161764705882,0.25895189630615734,0.23104121226036045,0.14084507042253522,0.32477430582531813,0.1489705185856662,0.7754172989377845,0.7824074074074074
193,nan,nan,0.10883773126366905,0.5105315947843531,0.38874914246512693,0.4555261138380899,0.4553846153846154,0.601837645023371,0.3247036051294459,0.15717818909097403,0.4707323713585625,0.5593053978326495,0.5914754098360656,0.25533529473965755,0.23030227676645043,0.16243654822335024,0.334313786290787,0.14383905049271187,0.7777777777777778,0.7029126213592233
194,nan,nan,0.10953289741263336,0.3713355048859935,0.3736009262832883,0.4449493231752942,0.3814935064935065,0.5990670397566682,0.32497405375638067,0.15970090253841238,0.4585360459973463,0.5850382702238065,0.6787755102040817,0.24330788078933618,0.22059696623715544,0.13114754098360656,0.3393769300988599,0.14679283444091304,0.6600938967136151,0.7113636363636363
195,nan,nan,0.10967856528640423,0.5272904483430799,0.37680804118656536,0.44707971856001094,0.48140495867768596,0.6110069926520966,0.32600482464279085,0.15268277176298833,0.46882325363338023,0.5836357222054228,0.6856076316880962,0.2547352921491199,0.23212603716080418,0.24074074074074073,0.31980376535703803,0.14818667645738995,0.7720125786163522,0.6666666666666666
196,nan,nan,0.1103436783687799,0.5454545454545454,0.3918827508455468,0.4507632828268471,0.45127610208816704,0.6025270680874738,0.2916331456154465,0.15273188305065158,0.4841457643161382,0.5552886522010084,0.6623529411764706,0.2602832528918489,0.23456780935085814,0.12,0.33289589556748916,0.1489872535800749,0.6994871794871795,0.6193724420190996
197,nan,nan,0.11151554802192683,0.6406480117820325,0.371993651568795,0.4594404467046737,0.4001924001924002,0.6120550368837777,0.31806881936614456,0.14433765123888573,0.4220115064990411,0.5723373493975904,0.660108024691358,0.25534219690380383,0.23103363790966477,0.13756613756613756,0.3342620355383377,0.15109956691710308,0.6600159616919393,0.6321022727272727
198,nan,nan,0.11292514984891266,0.6896,0.39065319379285457,0.42460656704916255,0.3692088382038489,0.6003730059957523,0.3274249249249249,0.15693012800455874,0.5035512657075214,0.5461665765455767,0.7047986289631534,0.2627877654833591,0.23159060591597214,0.13924050632911392,0.31189036781142043,0.13848695998407326,0.6534446764091858,0.7563559322033898
199,0.0,nan,0.11466043560459993,0.40594059405940597,0.3868559985436009,0.4468875515771292,0.34111310592459604,0.6259311205784698,0.33406209683026505,0.1526595564911332,0.47629382303839735,0.574332500760046,0.7338597306084533,0.2431768463482035,0.22525680681254057,0.1437908496732026,0.3170618510283106,0.140663819560593,0.7788235294117647,0.6161137440758294
200,nan,nan,0.1151290669904535,0.5216400911161732,0.37418038758560396,0.4356086079354405,0.3865220759101472,0.5538676864342724,0.29247992370465903,0.15202034895803027,0.41158707865168537,0.5861933117193454,0.7182193666819642,0.2574799517422468,0.21660333096519793,0.13875598086124402,0.3295911388393081,0.1440434007217851,0.7678812415654521,0.782967032967033
